timestamp,step_index,pv_now_kw,soc_now,load_requested_kw,load_served_kw,crit_requested_kw,crit_served_kw,curtailed_solar_kw,charge_kw,discharge_kw,served_task_ids,deferred_task_ids,risk_level,headline,explanation,reason_codes,kpi_CLSR,kpi_Blackout_minutes,kpi_SAR,kpi_Solar_utilization,kpi_Battery_throughput_kwh
2026-02-03T00:00:00+00:00,0,0.0,0.5885964912280701,0.325,0.325,0.325,0.325,0.0,0.0,0.0,,,low,Normal operation,Energy conditions are acceptable. You can use flexible appliances within recommended windows.,LOW_PV_FORECAST,1.0,0.0,0.0,1.0,0.08125
2026-02-03T00:15:00+00:00,1,0.0,0.5771929824561403,0.325,0.325,0.325,0.325,0.0,0.0,0.0,,,low,Normal operation,Energy conditions are acceptable. You can use flexible appliances within recommended windows.,LOW_PV_FORECAST,1.0,0.0,0.0,1.0,0.1625
2026-02-03T00:30:00+00:00,2,0.0,0.5657894736842104,0.325,0.325,0.325,0.325,0.0,0.0,0.0,,,low,Normal operation,Energy conditions are acceptable. You can use flexible appliances within recommended windows.,LOW_PV_FORECAST,1.0,0.0,0.0,1.0,0.24375000000000002
2026-02-03T00:45:00+00:00,3,0.0,0.5543859649122805,0.325,0.325,0.325,0.325,0.0,0.0,0.0,,,low,Normal operation,Energy conditions are acceptable. You can use flexible appliances within recommended windows.,LOW_PV_FORECAST,1.0,0.0,0.0,1.0,0.325
2026-02-03T01:00:00+00:00,4,0.0,0.5429824561403507,0.325,0.325,0.325,0.325,0.0,0.0,0.0,,,low,Normal operation,Energy conditions are acceptable. You can use flexible appliances within recommended windows.,LOW_PV_FORECAST,1.0,0.0,0.0,1.0,0.40625
2026-02-03T01:15:00+00:00,5,0.0,0.5315789473684208,0.325,0.325,0.325,0.325,0.0,0.0,0.0,,,low,Normal operation,Energy conditions are acceptable. You can use flexible appliances within recommended windows.,LOW_PV_FORECAST,1.0,0.0,0.0,1.0,0.4875
2026-02-03T01:30:00+00:00,6,0.0,0.520175438596491,0.325,0.325,0.325,0.325,0.0,0.0,0.0,,,low,Normal operation,Energy conditions are acceptable. You can use flexible appliances within recommended windows.,LOW_PV_FORECAST,1.0,0.0,0.0,1.0,0.56875
2026-02-03T01:45:00+00:00,7,0.0,0.5087719298245611,0.325,0.325,0.325,0.325,0.0,0.0,0.0,,,low,Normal operation,Energy conditions are acceptable. You can use flexible appliances within recommended windows.,LOW_PV_FORECAST,1.0,0.0,0.0,1.0,0.65
2026-02-03T02:00:00+00:00,8,0.0,0.4973684210526313,0.325,0.325,0.325,0.325,0.0,0.0,0.0,,,low,Normal operation,Energy conditions are acceptable. You can use flexible appliances within recommended windows.,LOW_PV_FORECAST,1.0,0.0,0.0,1.0,0.7312500000000001
2026-02-03T02:15:00+00:00,9,0.0,0.4859649122807015,0.325,0.325,0.325,0.325,0.0,0.0,0.0,,,low,Normal operation,Energy conditions are acceptable. You can use flexible appliances within recommended windows.,LOW_PV_FORECAST,1.0,0.0,0.0,1.0,0.8125000000000001
2026-02-03T02:30:00+00:00,10,0.0,0.4745614035087717,0.325,0.325,0.325,0.325,0.0,0.0,0.0,,,low,Normal operation,Energy conditions are acceptable. You can use flexible appliances within recommended windows.,LOW_PV_FORECAST,1.0,0.0,0.0,1.0,0.8937500000000002
2026-02-03T02:45:00+00:00,11,0.0,0.4631578947368419,0.325,0.325,0.325,0.325,0.0,0.0,0.0,,,low,Normal operation,Energy conditions are acceptable. You can use flexible appliances within recommended windows.,LOW_PV_FORECAST,1.0,0.0,0.0,1.0,0.9750000000000002
2026-02-03T03:00:00+00:00,12,0.0,0.4517543859649121,0.325,0.325,0.325,0.325,0.0,0.0,0.0,,,low,Normal operation,Energy conditions are acceptable. You can use flexible appliances within recommended windows.,LOW_PV_FORECAST,1.0,0.0,0.0,1.0,1.0562500000000001
2026-02-03T03:15:00+00:00,13,0.0,0.44035087719298227,0.325,0.325,0.325,0.325,0.0,0.0,0.0,,,low,Normal operation,Energy conditions are acceptable. You can use flexible appliances within recommended windows.,LOW_PV_FORECAST,1.0,0.0,0.0,1.0,1.1375000000000002
2026-02-03T03:30:00+00:00,14,0.0,0.42894736842105247,0.325,0.325,0.325,0.325,0.0,0.0,0.0,,,low,Normal operation,Energy conditions are acceptable. You can use flexible appliances within recommended windows.,LOW_PV_FORECAST,1.0,0.0,0.0,1.0,1.2187500000000002
2026-02-03T03:45:00+00:00,15,0.0,0.41754385964912266,0.325,0.325,0.325,0.325,0.0,0.0,0.0,,,low,Normal operation,Energy conditions are acceptable. You can use flexible appliances within recommended windows.,LOW_PV_FORECAST,1.0,0.0,0.0,1.0,1.3000000000000003
2026-02-03T04:00:00+00:00,16,0.0,0.40614035087719286,0.325,0.325,0.325,0.325,0.0,0.0,0.0,,,low,Normal operation,Energy conditions are acceptable. You can use flexible appliances within recommended windows.,LOW_PV_FORECAST,1.0,0.0,0.0,1.0,1.3812500000000003
2026-02-03T04:15:00+00:00,17,0.0,0.39473684210526305,0.325,0.325,0.325,0.325,0.0,0.0,0.0,,,low,Normal operation,Energy conditions are acceptable. You can use flexible appliances within recommended windows.,LOW_PV_FORECAST,1.0,0.0,0.0,1.0,1.4625000000000004
2026-02-03T04:30:00+00:00,18,0.0,0.38333333333333325,0.325,0.325,0.325,0.325,0.0,0.0,0.0,,,low,Normal operation,Energy conditions are acceptable. You can use flexible appliances within recommended windows.,LOW_PV_FORECAST,1.0,0.0,0.0,1.0,1.5437500000000004
2026-02-03T04:45:00+00:00,19,0.0,0.37192982456140344,0.325,0.325,0.325,0.325,0.0,0.0,0.0,,,low,Normal operation,Energy conditions are acceptable. You can use flexible appliances within recommended windows.,LOW_PV_FORECAST,1.0,0.0,0.0,1.0,1.6250000000000004
2026-02-03T05:00:00+00:00,20,0.0,0.36052631578947364,0.325,0.325,0.325,0.325,0.0,0.0,0.0,,,high,Normal operation,Energy conditions are acceptable. You can use flexible appliances within recommended windows.,MID_SOC;LOW_PV_FORECAST,1.0,0.0,0.0,1.0,1.7062500000000005
2026-02-03T05:15:00+00:00,21,0.0,0.34912280701754383,0.325,0.325,0.325,0.325,0.0,0.0,0.0,,,high,Normal operation,Energy conditions are acceptable. You can use flexible appliances within recommended windows.,MID_SOC;LOW_PV_FORECAST,1.0,0.0,0.0,1.0,1.7875000000000005
2026-02-03T05:30:00+00:00,22,0.0,0.33771929824561403,0.325,0.325,0.325,0.325,0.0,0.0,0.0,,,high,Normal operation,Energy conditions are acceptable. You can use flexible appliances within recommended windows.,MID_SOC;LOW_PV_FORECAST,1.0,0.0,0.0,1.0,1.8687500000000006
2026-02-03T05:45:00+00:00,23,0.0,0.3263157894736842,0.325,0.325,0.325,0.325,0.0,0.0,0.0,,,high,Normal operation,Energy conditions are acceptable. You can use flexible appliances within recommended windows.,MID_SOC;LOW_PV_FORECAST,1.0,0.0,0.0,1.0,1.9500000000000006
2026-02-03T06:00:00+00:00,24,0.0,0.2885964912280702,1.075,1.075,0.325,0.325,0.0,0.0,0.0,pump_day,,high,Conserve: protect battery reserve,Battery reserve is low and solar is expected to stay limited. Delay heavy and non-essential tasks.,LOW_SOC;LOW_PV_FORECAST,1.0,0.0,0.0,1.0,2.2187500000000004
2026-02-03T06:15:00+00:00,25,0.2774305555555555,0.2606115984405458,1.075,1.075,0.325,0.325,0.0,0.0,0.0,,pump_day,high,Shift non-critical tasks,Some tasks are deferred to keep essential loads reliable. Try again when solar improves or SOC rises.,LOW_SOC;DEFER_TASKS,1.0,0.0,0.027882467895030703,1.0,2.4181423611111117
2026-02-03T06:30:00+00:00,26,0.5430555555555555,0.25,1.075,1.075,0.325,0.325,0.0,0.0,0.0,,pump_day,high,Shift non-critical tasks,Some tasks are deferred to keep essential loads reliable. Try again when solar improves or SOC rises.,LOW_SOC;DEFER_TASKS,1.0,0.0,0.07442050894431845,1.0,2.551128472222223
2026-02-03T06:45:00+00:00,27,0.796875,0.25,1.075,1.075,0.325,0.325,0.0,0.0,0.0,,,high,Normal operation,Energy conditions are acceptable. You can use flexible appliances within recommended windows.,LOW_SOC,1.0,0.0,0.1336662075298439,1.0,2.551128472222223
2026-02-03T07:00:00+00:00,28,1.0388888888888888,0.2726064814814815,0.925,0.325,0.325,0.325,0.0,0.0,0.0,,,high,Use solar now: run heavy tasks,Solar is strong right now. Run high-power tasks within this window to reduce battery discharge later.,LOW_SOC;PV_SURPLUS,1.0,0.0,0.20393474088291746,1.0,2.729600694444445
2026-02-03T07:15:00+00:00,29,1.269097222222222,0.3025028935185185,0.925,0.325,0.325,0.325,0.0,0.0,0.0,,wash_day,medium,Use solar now: run heavy tasks,Solar is strong right now. Run high-power tasks within this window to reduce battery discharge later.,MID_SOC;PV_SURPLUS;DEFER_TASKS,1.0,0.0,0.2813868976503385,1.0,2.9656250000000006
2026-02-03T07:30:00+00:00,30,1.4875,0.3203153935185185,0.925,0.925,0.325,0.325,0.0,0.0,0.0,wash_day,,medium,Use solar now: run heavy tasks,Solar is strong right now. Run high-power tasks within this window to reduce battery discharge later.,MID_SOC;PV_SURPLUS,1.0,0.0,0.3638888888888888,1.0,3.1062500000000006
2026-02-03T07:45:00+00:00,31,1.6940972222222221,0.34467013888888887,0.925,0.925,0.325,0.325,0.0,0.0,0.0,wash_day,,medium,Use solar now: run heavy tasks,Solar is strong right now. Run high-power tasks within this window to reduce battery discharge later.,MID_SOC;PV_SURPLUS,1.0,0.0,0.4498066104078762,1.0,3.298524305555556
2026-02-03T08:00:00+00:00,32,1.8888888888888888,0.375193287037037,1.925,0.925,0.325,0.325,0.0,0.0,0.0,wash_day,iron_day,low,Use solar now: run heavy tasks,Solar is strong right now. Run high-power tasks within this window to reduce battery discharge later.,PV_SURPLUS;DEFER_TASKS,1.0,0.0,0.5075223319228961,1.0,3.539496527777778
2026-02-03T08:15:00+00:00,33,2.071875,0.41151099537037034,1.925,0.925,0.325,0.325,0.0,0.0,0.0,iron_day;wash_day,,low,Use solar now: run heavy tasks,Solar is strong right now. Run high-power tasks within this window to reduce battery discharge later.,PV_SURPLUS,1.0,0.0,0.5632421543681085,1.0,3.826215277777778
2026-02-03T08:30:00+00:00,34,2.243055555555556,0.4405827546296296,1.325,1.325,0.325,0.325,0.0,0.0,0.0,iron_day,,low,Use solar now: run heavy tasks,Solar is strong right now. Run high-power tasks within this window to reduce battery discharge later.,PV_SURPLUS,1.0,0.0,0.6346013773010197,1.0,4.055729166666667
2026-02-03T08:45:00+00:00,35,2.4024305555555556,0.47470138888888885,1.325,1.325,0.325,0.325,0.0,0.0,0.0,iron_day,,low,Use solar now: run heavy tasks,Solar is strong right now. Run high-power tasks within this window to reduce battery discharge later.,PV_SURPLUS,1.0,0.0,0.7046275535625312,1.0,4.325086805555555
2026-02-03T09:00:00+00:00,36,2.55,0.5451597222222222,0.325,0.325,0.325,0.325,0.0,0.0,0.0,,,low,Use solar now: run heavy tasks,Solar is strong right now. Run high-power tasks within this window to reduce battery discharge later.,PV_SURPLUS,1.0,0.0,0.8072130141190914,1.0,4.881336805555556
2026-02-03T09:15:00+00:00,37,2.6857638888888893,0.6199172453703703,0.325,0.325,0.325,0.325,0.0,0.0,0.0,,,low,Use solar now: run heavy tasks,Solar is strong right now. Run high-power tasks within this window to reduce battery discharge later.,PV_SURPLUS,1.0,0.0,0.9128086419753086,1.0,5.471527777777778
2026-02-03T09:30:00+00:00,38,2.8097222222222222,0.6986001157407407,0.325,0.325,0.325,0.325,0.0,0.0,0.0,,,low,Use solar now: run heavy tasks,Solar is strong right now. Run high-power tasks within this window to reduce battery discharge later.,PV_SURPLUS,1.0,0.0,1.02078111946533,1.0,6.092708333333333
2026-02-03T09:45:00+00:00,39,2.921875,0.7777667824074073,0.325,0.325,0.325,0.325,0.09687499999999982,0.0,0.0,,,low,Use solar now: run heavy tasks,Solar is strong right now. Run high-power tasks within this window to reduce battery discharge later.,PV_SURPLUS,1.0,0.0,1.1264271421845575,0.9963690786048933,6.717708333333333
2026-02-03T10:00:00+00:00,40,3.0222222222222226,0.8569334490740739,0.325,0.325,0.325,0.325,0.1972222222222224,0.0,0.0,,,low,Use solar now: run heavy tasks,Solar is strong right now. Run high-power tasks within this window to reduce battery discharge later.,PV_SURPLUS,1.0,0.0,1.2292029490305354,0.9900986626765174,7.342708333333333
2026-02-03T10:15:00+00:00,41,3.1107638888888887,0.9361001157407405,0.325,0.325,0.325,0.325,0.2857638888888885,0.0,0.0,,,low,Use solar now: run heavy tasks,Solar is strong right now. Run high-power tasks within this window to reduce battery discharge later.,PV_SURPLUS,1.0,0.0,1.329223940435281,0.9823286033247622,7.967708333333333
2026-02-03T10:30:00+00:00,42,3.1875,0.95,0.325,0.325,0.325,0.325,0.3624999999999998,0.0,0.0,,,low,Use solar now: run heavy tasks,Solar is strong right now. Run high-power tasks within this window to reduce battery discharge later.,PV_SURPLUS,1.0,0.0,1.426599412230135,0.9738240598748107,8.592708333333334
2026-02-03T10:45:00+00:00,43,3.252430555555556,0.95,0.325,0.325,0.325,0.325,0.427430555555556,0.0,0.0,,,low,Use solar now: run heavy tasks,Solar is strong right now. Run high-power tasks within this window to reduce battery discharge later.,PV_SURPLUS,1.0,0.0,1.5214329540383764,0.9651039363113667,9.217708333333334
2026-02-03T11:00:00+00:00,44,3.3055555555555554,0.95,0.325,0.325,0.325,0.325,0.4805555555555552,0.0,0.0,,,low,Use solar now: run heavy tasks,Solar is strong right now. Run high-power tasks within this window to reduce battery discharge later.,PV_SURPLUS,1.0,0.0,1.6138228168703896,0.9565228032960758,9.842708333333334
2026-02-03T11:15:00+00:00,45,3.346875,0.95,0.325,0.325,0.325,0.325,0.5218749999999996,0.0,0.0,,,low,Use solar now: run heavy tasks,Solar is strong right now. Run high-power tasks within this window to reduce battery discharge later.,PV_SURPLUS,1.0,0.0,1.7038622526636236,0.9483242441891249,10.467708333333334
2026-02-03T11:30:00+00:00,46,3.376388888888889,0.95,0.325,0.325,0.325,0.325,0.5513888888888889,0.0,0.0,,,low,Use solar now: run heavy tasks,Solar is strong right now. Run high-power tasks within this window to reduce battery discharge later.,PV_SURPLUS,1.0,0.0,1.7916398282340322,0.9406762345613776,11.092708333333334
2026-02-03T11:45:00+00:00,47,3.3940972222222223,0.95,0.325,0.325,0.325,0.325,0.5690972222222221,0.0,0.0,,,low,Use solar now: run heavy tasks,Solar is strong right now. Run high-power tasks within this window to reduce battery discharge later.,PV_SURPLUS,1.0,0.0,1.8772397158609004,0.9336949930128932,11.717708333333334
2026-02-03T12:00:00+00:00,48,3.4,0.95,0.325,0.325,0.325,0.325,0.5749999999999997,0.0,0.0,,,low,Use solar now: run heavy tasks,Solar is strong right now. Run high-power tasks within this window to reduce battery discharge later.,PV_SURPLUS,1.0,0.0,1.9607419625091647,0.9274613003095975,12.342708333333334
2026-02-03T12:15:00+00:00,49,3.3940972222222223,0.95,0.325,0.325,0.325,0.325,0.5690972222222221,0.0,0.0,,,low,Use solar now: run heavy tasks,Solar is strong right now. Run high-power tasks within this window to reduce battery discharge later.,PV_SURPLUS,1.0,0.0,2.0422227394992776,0.9220318201722376,12.967708333333334
2026-02-03T12:30:00+00:00,50,3.376388888888889,0.95,0.325,0.325,0.325,0.325,0.5513888888888889,0.0,0.0,,,low,Use solar now: run heavy tasks,Solar is strong right now. Run high-power tasks within this window to reduce battery discharge later.,PV_SURPLUS,1.0,0.0,2.121754574261476,0.917447057718551,13.592708333333334
2026-02-03T12:45:00+00:00,51,3.346875,0.95,0.325,0.325,0.325,0.325,0.5218749999999996,0.0,0.0,,,low,Use solar now: run heavy tasks,Solar is strong right now. Run high-power tasks within this window to reduce battery discharge later.,PV_SURPLUS,1.0,0.0,2.1994065656565676,0.9137370303926814,14.217708333333334
2026-02-03T13:00:00+00:00,52,3.305555555555556,0.95,0.325,0.325,0.325,0.325,0.4805555555555556,0.0,0.0,,,low,Use solar now: run heavy tasks,Solar is strong right now. Run high-power tasks within this window to reduce battery discharge later.,PV_SURPLUS,1.0,0.0,2.2752445842068507,0.9109253689585228,14.842708333333334
2026-02-03T13:15:00+00:00,53,3.2524305555555557,0.95,0.325,0.325,0.325,0.325,0.42743055555555554,0.0,0.0,,,low,Use solar now: run heavy tasks,Solar is strong right now. Run high-power tasks within this window to reduce battery discharge later.,PV_SURPLUS,1.0,0.0,2.3493314584566827,0.909032335043551,15.467708333333334
2026-02-03T13:30:00+00:00,54,3.1875,0.95,0.325,0.325,0.325,0.325,0.3624999999999998,0.0,0.0,,,low,Use solar now: run heavy tasks,Solar is strong right now. Run high-power tasks within this window to reduce battery discharge later.,PV_SURPLUS,1.0,0.0,2.4217271485708736,0.9080770901442583,16.092708333333334
2026-02-03T13:45:00+00:00,55,3.1107638888888887,0.95,0.325,0.325,0.325,0.325,0.2857638888888885,0.0,0.0,,,low,Use solar now: run heavy tasks,Solar is strong right now. Run high-power tasks within this window to reduce battery discharge later.,PV_SURPLUS,1.0,0.0,2.492488908179015,0.9080794504181601,16.717708333333334
2026-02-03T14:00:00+00:00,56,3.0222222222222226,0.95,0.325,0.325,0.325,0.325,0.1972222222222224,0.0,0.0,,,low,Use solar now: run heavy tasks,Solar is strong right now. Run high-power tasks within this window to reduce battery discharge later.,PV_SURPLUS,1.0,0.0,2.561671435383884,0.9090612942530292,17.342708333333334
2026-02-03T14:15:00+00:00,57,2.921875,0.95,0.325,0.325,0.325,0.325,0.09687499999999982,0.0,0.0,,,low,Use solar now: run heavy tasks,Solar is strong right now. Run high-power tasks within this window to reduce battery discharge later.,PV_SURPLUS,1.0,0.0,2.629327013770989,0.9110477443286503,17.967708333333334
2026-02-03T14:30:00+00:00,58,2.8097222222222222,0.95,0.325,0.325,0.325,0.325,0.0,0.0,0.0,,,low,Use solar now: run heavy tasks,Solar is strong right now. Run high-power tasks within this window to reduce battery discharge later.,PV_SURPLUS,1.0,0.0,2.6949925366172245,0.9138942165101335,18.58888888888889
2026-02-03T14:45:00+00:00,59,2.6857638888888893,0.95,0.325,0.325,0.325,0.325,0.0,0.0,0.0,,,low,Use solar now: run heavy tasks,Solar is strong right now. Run high-power tasks within this window to reduce battery discharge later.,PV_SURPLUS,1.0,0.0,2.7551218161683306,0.9164498676182802,19.17907986111111
2026-02-03T15:00:00+00:00,60,2.55,0.95,0.325,0.325,0.325,0.325,0.0,0.0,0.0,,,low,Use solar now: run heavy tasks,Solar is strong right now. Run high-power tasks within this window to reduce battery discharge later.,PV_SURPLUS,1.0,0.0,2.8095042454122185,0.9187397836942162,19.735329861111108
2026-02-03T15:15:00+00:00,61,2.402430555555555,0.95,0.325,0.325,0.325,0.325,0.0,0.0,0.0,,,low,Use solar now: run heavy tasks,Solar is strong right now. Run high-power tasks within this window to reduce battery discharge later.,PV_SURPLUS,1.0,0.0,2.85793812104788,0.9207852353632404,20.254687499999996
2026-02-03T15:30:00+00:00,62,2.2430555555555562,0.95,0.325,0.325,0.325,0.325,0.0,0.0,0.0,,,low,Use solar now: run heavy tasks,Solar is strong right now. Run high-power tasks within this window to reduce battery discharge later.,PV_SURPLUS,1.0,0.0,2.900230177885048,0.9226041737016276,20.734201388888884
2026-02-03T15:45:00+00:00,63,2.071875,0.95,0.325,0.325,0.325,0.325,0.0,0.0,0.0,,,low,Use solar now: run heavy tasks,Solar is strong right now. Run high-power tasks within this window to reduce battery discharge later.,PV_SURPLUS,1.0,0.0,2.9361951521585308,0.9242116254785938,21.170920138888885
2026-02-03T16:00:00+00:00,64,1.8888888888888886,0.95,0.325,0.325,0.325,0.325,0.0,0.0,0.0,,,low,Use solar now: run heavy tasks,Solar is strong right now. Run high-power tasks within this window to reduce battery discharge later.,PV_SURPLUS,1.0,0.0,2.9656553716837433,0.9256200040992006,21.561892361111106
2026-02-03T16:15:00+00:00,65,1.6940972222222226,0.95,0.325,0.325,0.325,0.325,0.0,0.0,0.0,,,low,Use solar now: run heavy tasks,Solar is strong right now. Run high-power tasks within this window to reduce battery discharge later.,LOW_PV_FORECAST;PV_SURPLUS,1.0,0.0,2.988440370948174,0.9268393482942957,21.90416666666666
2026-02-03T16:30:00+00:00,66,1.4875,0.95,0.325,0.325,0.325,0.325,0.0,0.0,0.0,,,low,Use solar now: run heavy tasks,Solar is strong right now. Run high-power tasks within this window to reduce battery discharge later.,LOW_PV_FORECAST;PV_SURPLUS,1.0,0.0,3.0043865293865317,0.9278774970768757,22.19479166666666
2026-02-03T16:45:00+00:00,67,1.2690972222222219,0.95,0.325,0.325,0.325,0.325,0.0,0.0,0.0,,,low,Use solar now: run heavy tasks,Solar is strong right now. Run high-power tasks within this window to reduce battery discharge later.,LOW_PV_FORECAST;PV_SURPLUS,1.0,0.0,3.0133367312266417,0.9287402064419849,22.430815972222216
2026-02-03T17:00:00+00:00,68,1.0388888888888894,0.95,0.325,0.325,0.325,0.325,0.0,0.0,0.0,,,low,Use solar now: run heavy tasks,Solar is strong right now. Run high-power tasks within this window to reduce battery discharge later.,LOW_PV_FORECAST;PV_SURPLUS,1.0,0.0,3.0151400454201385,0.9294312105007292,22.60928819444444
2026-02-03T17:15:00+00:00,69,0.796875,0.95,0.325,0.325,0.325,0.325,0.0,0.0,0.0,,,low,Normal operation,Energy conditions are acceptable. You can use flexible appliances within recommended windows.,LOW_PV_FORECAST,1.0,0.0,3.009651424287858,0.9299522269941611,22.727256944444438
2026-02-03T17:30:00+00:00,70,0.5430555555555551,0.95,0.325,0.325,0.325,0.325,0.0,0.0,0.0,,,low,Normal operation,Energy conditions are acceptable. You can use flexible appliances within recommended windows.,LOW_PV_FORECAST,1.0,0.0,2.996731419615608,0.9303029042057047,22.781770833333326
2026-02-03T17:45:00+00:00,71,0.27743055555555607,0.9483308966861598,0.325,0.325,0.325,0.325,0.0,0.0,0.0,,,low,Normal operation,Energy conditions are acceptable. You can use flexible appliances within recommended windows.,LOW_PV_FORECAST,1.0,0.0,2.976245915032681,0.9304807029194657,22.793663194444438
2026-02-03T18:00:00+00:00,72,0.0,0.9369273879142299,0.325,0.325,0.325,0.325,0.0,0.0,0.0,,,low,Normal operation,Energy conditions are acceptable. You can use flexible appliances within recommended windows.,LOW_PV_FORECAST,1.0,0.0,2.9480658735939156,0.9304807029194657,22.87491319444444
2026-02-03T18:15:00+00:00,73,0.0,0.9255238791423,0.325,0.325,0.325,0.325,0.0,0.0,0.0,,,low,Normal operation,Energy conditions are acceptable. You can use flexible appliances within recommended windows.,LOW_PV_FORECAST,1.0,0.0,2.9204144620811294,0.9304807029194657,22.95616319444444
2026-02-03T18:30:00+00:00,74,0.0,0.9141203703703702,0.325,0.325,0.325,0.325,0.0,0.0,0.0,,,low,Normal operation,Energy conditions are acceptable. You can use flexible appliances within recommended windows.,LOW_PV_FORECAST,1.0,0.0,2.8932769438487815,0.9304807029194657,23.03741319444444
2026-02-03T18:45:00+00:00,75,0.0,0.9027168615984403,0.325,0.325,0.325,0.325,0.0,0.0,0.0,,,low,Normal operation,Energy conditions are acceptable. You can use flexible appliances within recommended windows.,LOW_PV_FORECAST,1.0,0.0,2.866639124960655,0.9304807029194657,23.11866319444444
2026-02-03T19:00:00+00:00,76,0.0,0.8913133528265105,0.325,0.325,0.325,0.325,0.0,0.0,0.0,,,low,Normal operation,Energy conditions are acceptable. You can use flexible appliances within recommended windows.,LOW_PV_FORECAST,1.0,0.0,2.8404873294346977,0.9304807029194657,23.19991319444444
2026-02-03T19:15:00+00:00,77,0.0,0.8799098440545806,0.325,0.325,0.325,0.325,0.0,0.0,0.0,,,low,Normal operation,Energy conditions are acceptable. You can use flexible appliances within recommended windows.,LOW_PV_FORECAST,1.0,0.0,2.814808375830629,0.9304807029194657,23.281163194444442
2026-02-03T19:30:00+00:00,78,0.0,0.8685063352826508,0.325,0.325,0.325,0.325,0.0,0.0,0.0,,,low,Normal operation,Energy conditions are acceptable. You can use flexible appliances within recommended windows.,LOW_PV_FORECAST,1.0,0.0,2.789589555096102,0.9304807029194657,23.362413194444443
2026-02-03T19:45:00+00:00,79,0.0,0.8571028265107209,0.325,0.325,0.325,0.325,0.0,0.0,0.0,,,low,Normal operation,Energy conditions are acceptable. You can use flexible appliances within recommended windows.,LOW_PV_FORECAST,1.0,0.0,2.764818609593199,0.9304807029194657,23.443663194444444
2026-02-03T20:00:00+00:00,80,0.0,0.845699317738791,0.325,0.325,0.325,0.325,0.0,0.0,0.0,,,low,Normal operation,Energy conditions are acceptable. You can use flexible appliances within recommended windows.,LOW_PV_FORECAST,1.0,0.0,2.7404837132325275,0.9304807029194657,23.524913194444444
2026-02-03T20:15:00+00:00,81,0.0,0.8342958089668612,0.325,0.325,0.325,0.325,0.0,0.0,0.0,,,low,Normal operation,Energy conditions are acceptable. You can use flexible appliances within recommended windows.,LOW_PV_FORECAST,1.0,0.0,2.7165734526472773,0.9304807029194657,23.606163194444445
2026-02-03T20:30:00+00:00,82,0.0,0.8228923001949313,0.325,0.325,0.325,0.325,0.0,0.0,0.0,,,low,Normal operation,Energy conditions are acceptable. You can use flexible appliances within recommended windows.,LOW_PV_FORECAST,1.0,0.0,2.6930768093442734,0.9304807029194657,23.687413194444446
2026-02-03T20:45:00+00:00,83,0.0,0.8114887914230015,0.325,0.325,0.325,0.325,0.0,0.0,0.0,,,low,Normal operation,Energy conditions are acceptable. You can use flexible appliances within recommended windows.,LOW_PV_FORECAST,1.0,0.0,2.669983142773379,0.9304807029194657,23.768663194444446
2026-02-03T21:00:00+00:00,84,0.0,0.8000852826510716,0.325,0.325,0.325,0.325,0.0,0.0,0.0,,,low,Normal operation,Energy conditions are acceptable. You can use flexible appliances within recommended windows.,LOW_PV_FORECAST,1.0,0.0,2.64728217426059,0.9304807029194657,23.849913194444447
2026-02-03T21:15:00+00:00,85,0.0,0.7886817738791417,0.325,0.325,0.325,0.325,0.0,0.0,0.0,,,low,Normal operation,Energy conditions are acceptable. You can use flexible appliances within recommended windows.,LOW_PV_FORECAST,1.0,0.0,2.6249639717538535,0.9304807029194657,23.931163194444448
2026-02-03T21:30:00+00:00,86,0.0,0.7772782651072119,0.325,0.325,0.325,0.325,0.0,0.0,0.0,,,low,Normal operation,Energy conditions are acceptable. You can use flexible appliances within recommended windows.,LOW_PV_FORECAST,1.0,0.0,2.6030189353340463,0.9304807029194657,24.01241319444445
2026-02-03T21:45:00+00:00,87,0.0,0.765874756335282,0.325,0.325,0.325,0.325,0.0,0.0,0.0,,,low,Normal operation,Energy conditions are acceptable. You can use flexible appliances within recommended windows.,LOW_PV_FORECAST,1.0,0.0,2.58143778344671,0.9304807029194657,24.09366319444445
2026-02-03T22:00:00+00:00,88,0.0,0.7544712475633522,0.325,0.325,0.325,0.325,0.0,0.0,0.0,,,low,Normal operation,Energy conditions are acceptable. You can use flexible appliances within recommended windows.,LOW_PV_FORECAST,1.0,0.0,2.560211539813056,0.9304807029194657,24.17491319444445
2026-02-03T22:15:00+00:00,89,0.0,0.7430677387914223,0.325,0.325,0.325,0.325,0.0,0.0,0.0,,,low,Normal operation,Energy conditions are acceptable. You can use flexible appliances within recommended windows.,LOW_PV_FORECAST,1.0,0.0,2.539331520981456,0.9304807029194657,24.25616319444445
2026-02-03T22:30:00+00:00,90,0.0,0.7316642300194924,0.325,0.325,0.325,0.325,0.0,0.0,0.0,,,low,Normal operation,Energy conditions are acceptable. You can use flexible appliances within recommended windows.,LOW_PV_FORECAST,1.0,0.0,2.5187893244831616,0.9304807029194657,24.33741319444445
2026-02-03T22:45:00+00:00,91,0.0,0.7202607212475626,0.325,0.325,0.325,0.325,0.0,0.0,0.0,,,low,Normal operation,Energy conditions are acceptable. You can use flexible appliances within recommended windows.,LOW_PV_FORECAST,1.0,0.0,2.4985768175582965,0.9304807029194657,24.418663194444452
2026-02-03T23:00:00+00:00,92,0.0,0.7088572124756327,0.325,0.325,0.325,0.325,0.0,0.0,0.0,,,low,Normal operation,Energy conditions are acceptable. You can use flexible appliances within recommended windows.,LOW_PV_FORECAST,1.0,0.0,2.4786861264203552,0.9304807029194657,24.499913194444453
2026-02-03T23:15:00+00:00,93,0.0,0.6974537037037029,0.325,0.325,0.325,0.325,0.0,0.0,0.0,,,low,Normal operation,Energy conditions are acceptable. You can use flexible appliances within recommended windows.,LOW_PV_FORECAST,1.0,0.0,2.459109626029429,0.9304807029194657,24.581163194444454
2026-02-03T23:30:00+00:00,94,0.0,0.686050194931773,0.325,0.325,0.325,0.325,0.0,0.0,0.0,,,low,Normal operation,Energy conditions are acceptable. You can use flexible appliances within recommended windows.,LOW_PV_FORECAST,1.0,0.0,2.4398399303462566,0.9304807029194657,24.662413194444454
2026-02-03T23:45:00+00:00,95,0.0,0.6746466861598431,0.325,0.325,0.325,0.325,0.0,0.0,0.0,,,low,Normal operation,Energy conditions are acceptable. You can use flexible appliances within recommended windows.,LOW_PV_FORECAST,1.0,0.0,2.4208698830409325,0.9304807029194657,24.743663194444455
2026-02-04T00:00:00+00:00,96,0.0,0.6632431773879133,0.325,0.325,0.325,0.325,0.0,0.0,0.0,,,low,Normal operation,Energy conditions are acceptable. You can use flexible appliances within recommended windows.,LOW_PV_FORECAST,1.0,0.0,2.4021925486317146,0.9304807029194657,24.824913194444456
2026-02-04T00:15:00+00:00,97,0.0,0.6518396686159834,0.325,0.325,0.325,0.325,0.0,0.0,0.0,,,low,Normal operation,Energy conditions are acceptable. You can use flexible appliances within recommended windows.,LOW_PV_FORECAST,1.0,0.0,2.383801204030883,0.9304807029194657,24.906163194444456
2026-02-04T00:30:00+00:00,98,0.0,0.6404361598440536,0.325,0.325,0.325,0.325,0.0,0.0,0.0,,,low,Normal operation,Energy conditions are acceptable. You can use flexible appliances within recommended windows.,LOW_PV_FORECAST,1.0,0.0,2.365689330476002,0.9304807029194657,24.987413194444457
2026-02-04T00:45:00+00:00,99,0.0,0.6290326510721237,0.325,0.325,0.325,0.325,0.0,0.0,0.0,,,low,Normal operation,Energy conditions are acceptable. You can use flexible appliances within recommended windows.,LOW_PV_FORECAST,1.0,0.0,2.3478506058262405,0.9304807029194657,25.068663194444458
2026-02-04T01:00:00+00:00,100,0.0,0.6176291423001938,0.325,0.325,0.325,0.325,0.0,0.0,0.0,,,low,Normal operation,Energy conditions are acceptable. You can use flexible appliances within recommended windows.,LOW_PV_FORECAST,1.0,0.0,2.3302788972046278,0.9304807029194657,25.14991319444446
2026-02-04T01:15:00+00:00,101,0.0,0.606225633528264,0.325,0.325,0.325,0.325,0.0,0.0,0.0,,,low,Normal operation,Energy conditions are acceptable. You can use flexible appliances within recommended windows.,LOW_PV_FORECAST,1.0,0.0,2.3129682539682506,0.9304807029194657,25.23116319444446
2026-02-04T01:30:00+00:00,102,0.0,0.5948221247563341,0.325,0.325,0.325,0.325,0.0,0.0,0.0,,,low,Normal operation,Energy conditions are acceptable. You can use flexible appliances within recommended windows.,LOW_PV_FORECAST,1.0,0.0,2.2959129009894714,0.9304807029194657,25.31241319444446
2026-02-04T01:45:00+00:00,103,0.0,0.5834186159844043,0.325,0.325,0.325,0.325,0.0,0.0,0.0,,,low,Normal operation,Energy conditions are acceptable. You can use flexible appliances within recommended windows.,LOW_PV_FORECAST,1.0,0.0,2.2791072322322283,0.9304807029194657,25.39366319444446
2026-02-04T02:00:00+00:00,104,0.0,0.5720151072124744,0.325,0.325,0.325,0.325,0.0,0.0,0.0,,,low,Normal operation,Energy conditions are acceptable. You can use flexible appliances within recommended windows.,LOW_PV_FORECAST,1.0,0.0,2.2625458046084055,0.9304807029194657,25.47491319444446
2026-02-04T02:15:00+00:00,105,0.0,0.5606115984405445,0.325,0.325,0.325,0.325,0.0,0.0,0.0,,,low,Normal operation,Energy conditions are acceptable. You can use flexible appliances within recommended windows.,LOW_PV_FORECAST,1.0,0.0,2.246223332100132,0.9304807029194657,25.556163194444462
2026-02-04T02:30:00+00:00,106,0.0,0.5492080896686147,0.325,0.325,0.325,0.325,0.0,0.0,0.0,,,low,Normal operation,Energy conditions are acceptable. You can use flexible appliances within recommended windows.,LOW_PV_FORECAST,1.0,0.0,2.230134680134676,0.9304807029194657,25.637413194444463
2026-02-04T02:45:00+00:00,107,0.0,0.5378045808966848,0.325,0.325,0.325,0.325,0.0,0.0,0.0,,,low,Normal operation,Energy conditions are acceptable. You can use flexible appliances within recommended windows.,LOW_PV_FORECAST,1.0,0.0,2.214274860199364,0.9304807029194657,25.718663194444463
2026-02-04T03:00:00+00:00,108,0.0,0.526401072124755,0.325,0.325,0.325,0.325,0.0,0.0,0.0,,,low,Normal operation,Energy conditions are acceptable. You can use flexible appliances within recommended windows.,LOW_PV_FORECAST,1.0,0.0,2.198639024684648,0.9304807029194657,25.799913194444464
2026-02-04T03:15:00+00:00,109,0.0,0.5149975633528251,0.325,0.325,0.325,0.325,0.0,0.0,0.0,,,low,Normal operation,Energy conditions are acceptable. You can use flexible appliances within recommended windows.,LOW_PV_FORECAST,1.0,0.0,2.1832224619441405,0.9304807029194657,25.881163194444465
2026-02-04T03:30:00+00:00,110,0.0,0.5035940545808952,0.325,0.325,0.325,0.325,0.0,0.0,0.0,,,low,Normal operation,Energy conditions are acceptable. You can use flexible appliances within recommended windows.,LOW_PV_FORECAST,1.0,0.0,2.1680205915610267,0.9304807029194657,25.962413194444466
2026-02-04T03:45:00+00:00,111,0.0,0.49219054580896543,0.325,0.325,0.325,0.325,0.0,0.0,0.0,,,low,Normal operation,Energy conditions are acceptable. You can use flexible appliances within recommended windows.,LOW_PV_FORECAST,1.0,0.0,2.1530289598108703,0.9304807029194657,26.043663194444466
2026-02-04T04:00:00+00:00,112,0.0,0.4807870370370356,0.325,0.325,0.325,0.325,0.0,0.0,0.0,,,low,Normal operation,Energy conditions are acceptable. You can use flexible appliances within recommended windows.,LOW_PV_FORECAST,1.0,0.0,2.1382432353113767,0.9304807029194657,26.124913194444467
2026-02-04T04:15:00+00:00,113,0.0,0.4693835282651058,0.325,0.325,0.325,0.325,0.0,0.0,0.0,,,low,Normal operation,Energy conditions are acceptable. You can use flexible appliances within recommended windows.,LOW_PV_FORECAST,1.0,0.0,2.1236592048501763,0.9304807029194657,26.206163194444468
2026-02-04T04:30:00+00:00,114,0.0,0.457980019493176,0.325,0.325,0.325,0.325,0.0,0.0,0.0,,,low,Normal operation,Energy conditions are acceptable. You can use flexible appliances within recommended windows.,LOW_PV_FORECAST,1.0,0.0,2.109272769382197,0.9304807029194657,26.28741319444447
2026-02-04T04:45:00+00:00,115,0.0,0.4465765107212462,0.325,0.325,0.325,0.325,0.0,0.0,0.0,,,low,Normal operation,Energy conditions are acceptable. You can use flexible appliances within recommended windows.,LOW_PV_FORECAST,1.0,0.0,2.095079940188631,0.9304807029194657,26.36866319444447
2026-02-04T05:00:00+00:00,116,0.0,0.4351730019493164,0.325,0.325,0.325,0.325,0.0,0.0,0.0,,,low,Normal operation,Energy conditions are acceptable. You can use flexible appliances within recommended windows.,LOW_PV_FORECAST,1.0,0.0,2.081076835189941,0.9304807029194657,26.44991319444447
2026-02-04T05:15:00+00:00,117,0.0,0.4237694931773866,0.325,0.325,0.325,0.325,0.0,0.0,0.0,,,low,Normal operation,Energy conditions are acceptable. You can use flexible appliances within recommended windows.,LOW_PV_FORECAST,1.0,0.0,2.067259675405738,0.9304807029194657,26.53116319444447
2026-02-04T05:30:00+00:00,118,0.0,0.4123659844054568,0.325,0.325,0.325,0.325,0.0,0.0,0.0,,,low,Normal operation,Energy conditions are acceptable. You can use flexible appliances within recommended windows.,LOW_PV_FORECAST,1.0,0.0,2.0536247815547615,0.9304807029194657,26.61241319444447
2026-02-04T05:45:00+00:00,119,0.0,0.400962475633527,0.325,0.325,0.325,0.325,0.0,0.0,0.0,,,low,Normal operation,Energy conditions are acceptable. You can use flexible appliances within recommended windows.,LOW_PV_FORECAST,1.0,0.0,2.0401685707885258,0.9304807029194657,26.693663194444472
2026-02-04T06:00:00+00:00,120,0.0,0.36324317738791295,1.075,1.075,0.325,0.325,0.0,0.0,0.0,pump_day,,high,Normal operation,Energy conditions are acceptable. You can use flexible appliances within recommended windows.,MID_SOC;LOW_PV_FORECAST,1.0,0.0,1.9968892177821584,0.9304807029194657,26.962413194444473
2026-02-04T06:15:00+00:00,121,0.2774305555555555,0.3352582846003886,1.075,1.075,0.325,0.325,0.0,0.0,0.0,pump_day,,medium,Normal operation,Energy conditions are acceptable. You can use flexible appliances within recommended windows.,MID_SOC,1.0,0.0,1.9607689210950034,0.9306575968051668,27.161805555555585
2026-02-04T06:30:00+00:00,122,0.5430555555555555,0.3165935672514607,1.075,1.075,0.325,0.325,0.0,0.0,0.0,pump_day,,medium,Normal operation,Energy conditions are acceptable. You can use flexible appliances within recommended windows.,MID_SOC,1.0,0.0,1.9311471315139042,0.9310012643747366,27.294791666666697
2026-02-04T06:45:00+00:00,123,0.796875,0.30683479532163616,1.075,1.075,0.325,0.325,0.0,0.0,0.0,pump_day,,medium,Normal operation,Energy conditions are acceptable. You can use flexible appliances within recommended windows.,MID_SOC,1.0,0.0,1.9074159967017066,0.9314994368696243,27.364322916666698
2026-02-04T07:00:00+00:00,124,1.0388888888888888,0.3104412768031176,0.925,0.925,0.325,0.325,0.0,0.0,0.0,wash_day,,medium,Use solar now: run heavy tasks,Solar is strong right now. Run high-power tasks within this window to reduce battery discharge later.,MID_SOC;PV_SURPLUS,1.0,0.0,1.894183513198557,0.932138204439347,27.39279513888892
2026-02-04T07:15:00+00:00,125,1.269097222222222,0.3213376888401546,0.925,0.925,0.325,0.325,0.0,0.0,0.0,wash_day,,medium,Use solar now: run heavy tasks,Solar is strong right now. Run high-power tasks within this window to reduce battery discharge later.,MID_SOC;PV_SURPLUS,1.0,0.0,1.885519431988038,0.9329025339508741,27.478819444444476
2026-02-04T07:30:00+00:00,126,1.4875,0.33915018884015463,0.925,0.925,0.325,0.325,0.0,0.0,0.0,wash_day,,medium,Use solar now: run heavy tasks,Solar is strong right now. Run high-power tasks within this window to reduce battery discharge later.,MID_SOC;PV_SURPLUS,1.0,0.0,1.8809917659167732,0.9337767680362047,27.619444444444476
2026-02-04T07:45:00+00:00,127,1.6940972222222221,0.363504934210525,0.925,0.925,0.325,0.325,0.0,0.0,0.0,wash_day,,medium,Use solar now: run heavy tasks,Solar is strong right now. Run high-power tasks within this window to reduce battery discharge later.,MID_SOC;PV_SURPLUS,1.0,0.0,1.8801962770061693,0.9347450820556468,27.811718750000033
2026-02-04T08:00:00+00:00,128,1.8888888888888888,0.3813614156920065,1.325,1.325,0.325,0.325,0.0,0.0,0.0,iron_day,,low,Use solar now: run heavy tasks,Solar is strong right now. Run high-power tasks within this window to reduce battery discharge later.,PV_SURPLUS,1.0,0.0,1.8699736010936654,0.9357918824237135,27.952690972222253
2026-02-04T08:15:00+00:00,129,2.071875,0.40501245735867314,1.325,1.325,0.325,0.325,0.0,0.0,0.0,iron_day,,low,Use solar now: run heavy tasks,Solar is strong right now. Run high-power tasks within this window to reduce battery discharge later.,PV_SURPLUS,1.0,0.0,1.863237667127705,0.9369021365874297,28.139409722222254
2026-02-04T08:30:00+00:00,130,2.243055555555556,0.46575088328459907,0.325,0.325,0.325,0.325,0.0,0.0,0.0,,,low,Use solar now: run heavy tasks,Solar is strong right now. Run high-power tasks within this window to reduce battery discharge later.,PV_SURPLUS,1.0,0.0,1.890270326042093,0.9380616311518079,28.618923611111143
2026-02-04T08:45:00+00:00,131,2.4024305555555556,0.531536184210525,0.325,0.325,0.325,0.325,0.0,0.0,0.0,,,low,Use solar now: run heavy tasks,Solar is strong right now. Run high-power tasks within this window to reduce battery discharge later.,PV_SURPLUS,1.0,0.0,1.919631454114209,0.9392571597547299,29.13828125000003
2026-02-04T09:00:00+00:00,132,2.55,0.6019945175438582,0.325,0.325,0.325,0.325,0.0,0.0,0.0,,,low,Use solar now: run heavy tasks,Solar is strong right now. Run high-power tasks within this window to reduce battery discharge later.,PV_SURPLUS,1.0,0.0,1.9510911483145008,0.9404766460910975,29.69453125000003
2026-02-04T09:15:00+00:00,133,2.6857638888888893,0.6767520406920065,0.325,0.325,0.325,0.325,0.0,0.0,0.0,,,low,Use solar now: run heavy tasks,Solar is strong right now. Run high-power tasks within this window to reduce battery discharge later.,PV_SURPLUS,1.0,0.0,1.9844243614044548,0.941709209966242,30.28472222222225
2026-02-04T09:30:00+00:00,134,2.8097222222222222,0.7554349110623768,0.325,0.325,0.325,0.325,0.0,0.0,0.0,,,low,Use solar now: run heavy tasks,Solar is strong right now. Run high-power tasks within this window to reduce battery discharge later.,PV_SURPLUS,1.0,0.0,2.01941077441077,0.9429451855578527,30.905902777777804
2026-02-04T09:45:00+00:00,135,2.921875,0.8346015777290434,0.325,0.325,0.325,0.325,0.09687499999999982,0.0,0.0,,,low,Use solar now: run heavy tasks,Solar is strong right now. Run high-power tasks within this window to reduce battery discharge later.,PV_SURPLUS,1.0,0.0,2.054277197213286,0.9434608048240217,31.530902777777804
2026-02-04T10:00:00+00:00,136,3.0222222222222226,0.91376824439571,0.325,0.325,0.325,0.325,0.1972222222222224,0.0,0.0,,,low,Use solar now: run heavy tasks,Solar is strong right now. Run high-power tasks within this window to reduce battery discharge later.,PV_SURPLUS,1.0,0.0,2.08878115420498,0.9432705039723939,32.155902777777804
2026-02-04T10:15:00+00:00,137,3.1107638888888887,0.95,0.325,0.325,0.325,0.325,0.2857638888888885,0.0,0.0,,,low,Use solar now: run heavy tasks,Solar is strong right now. Run high-power tasks within this window to reduce battery discharge later.,PV_SURPLUS,1.0,0.0,2.122928268363824,0.9424984854467994,32.780902777777804
2026-02-04T10:30:00+00:00,138,3.1875,0.95,0.325,0.325,0.325,0.325,0.3624999999999998,0.0,0.0,,,low,Use solar now: run heavy tasks,Solar is strong right now. Run high-power tasks within this window to reduce battery discharge later.,PV_SURPLUS,1.0,0.0,2.1567240469594986,0.9412604253869716,33.405902777777804
2026-02-04T10:45:00+00:00,139,3.252430555555556,0.95,0.325,0.325,0.325,0.325,0.427430555555556,0.0,0.0,,,low,Use solar now: run heavy tasks,Solar is strong right now. Run high-power tasks within this window to reduce battery discharge later.,PV_SURPLUS,1.0,0.0,2.19017388451443,0.9396633025069324,34.030902777777804
2026-02-04T11:00:00+00:00,140,3.3055555555555554,0.95,0.325,0.325,0.325,0.325,0.4805555555555552,0.0,0.0,,,low,Use solar now: run heavy tasks,Solar is strong right now. Run high-power tasks within this window to reduce battery discharge later.,PV_SURPLUS,1.0,0.0,2.2232830656743636,0.9378054881155083,34.655902777777804
2026-02-04T11:15:00+00:00,141,3.346875,0.95,0.325,0.325,0.325,0.325,0.5218749999999996,0.0,0.0,,,low,Use solar now: run heavy tasks,Solar is strong right now. Run high-power tasks within this window to reduce battery discharge later.,PV_SURPLUS,1.0,0.0,2.2560567679916796,0.9357770359011892,35.280902777777804
2026-02-04T11:30:00+00:00,142,3.376388888888889,0.95,0.325,0.325,0.325,0.325,0.5513888888888889,0.0,0.0,,,low,Use solar now: run heavy tasks,Solar is strong right now. Run high-power tasks within this window to reduce battery discharge later.,PV_SURPLUS,1.0,0.0,2.288500064624525,0.9336601185127247,35.905902777777804
2026-02-04T11:45:00+00:00,143,3.3940972222222223,0.95,0.325,0.325,0.325,0.325,0.5690972222222221,0.0,0.0,,,low,Use solar now: run heavy tasks,Solar is strong right now. Run high-power tasks within this window to reduce battery discharge later.,PV_SURPLUS,1.0,0.0,2.3206179269547254,0.9315295666313915,36.530902777777804
2026-02-04T12:00:00+00:00,144,3.4,0.95,0.325,0.325,0.325,0.325,0.5749999999999997,0.0,0.0,,,low,Use solar now: run heavy tasks,Solar is strong right now. Run high-power tasks within this window to reduce battery discharge later.,PV_SURPLUS,1.0,0.0,2.3524152271273118,0.9294534745569909,37.155902777777804
2026-02-04T12:15:00+00:00,145,3.3940972222222223,0.95,0.325,0.325,0.325,0.325,0.5690972222222221,0.0,0.0,,,low,Use solar now: run heavy tasks,Solar is strong right now. Run high-power tasks within this window to reduce battery discharge later.,PV_SURPLUS,1.0,0.0,2.3838967405143796,0.9274938439532451,37.780902777777804
2026-02-04T12:30:00+00:00,146,3.376388888888889,0.95,0.325,0.325,0.325,0.325,0.5513888888888889,0.0,0.0,,,low,Use solar now: run heavy tasks,Solar is strong right now. Run high-power tasks within this window to reduce battery discharge later.,PV_SURPLUS,1.0,0.0,2.4150671481059085,0.925707244130496,38.405902777777804
2026-02-04T12:45:00+00:00,147,3.346875,0.95,0.325,0.325,0.325,0.325,0.5218749999999996,0.0,0.0,,,low,Use solar now: run heavy tasks,Solar is strong right now. Run high-power tasks within this window to reduce battery discharge later.,PV_SURPLUS,1.0,0.0,2.445931038830047,0.9241454730215185,39.030902777777804
2026-02-04T13:00:00+00:00,148,3.305555555555556,0.95,0.325,0.325,0.325,0.325,0.4805555555555556,0.0,0.0,,,low,Use solar now: run heavy tasks,Solar is strong right now. Run high-power tasks within this window to reduce battery discharge later.,PV_SURPLUS,1.0,0.0,2.4764929118052854,0.9228562078517082,39.655902777777804
2026-02-04T13:15:00+00:00,149,3.2524305555555557,0.95,0.325,0.325,0.325,0.325,0.42743055555555554,0.0,0.0,,,low,Use solar now: run heavy tasks,Solar is strong right now. Run high-power tasks within this window to reduce battery discharge later.,PV_SURPLUS,1.0,0.0,2.5067571785268323,0.9218836384923087,40.280902777777804
2026-02-04T13:30:00+00:00,150,3.1875,0.95,0.325,0.325,0.325,0.325,0.3624999999999998,0.0,0.0,,,low,Use solar now: run heavy tasks,Solar is strong right now. Run high-power tasks within this window to reduce battery discharge later.,PV_SURPLUS,1.0,0.0,2.53672816498943,0.9212690797179238,40.905902777777804
2026-02-04T13:45:00+00:00,151,3.1107638888888887,0.95,0.325,0.325,0.325,0.325,0.2857638888888885,0.0,0.0,,,low,Use solar now: run heavy tasks,Solar is strong right now. Run high-power tasks within this window to reduce battery discharge later.,PV_SURPLUS,1.0,0.0,2.566410113748754,0.9210515611826828,41.530902777777804
2026-02-04T14:00:00+00:00,152,3.0222222222222226,0.95,0.325,0.325,0.325,0.325,0.1972222222222224,0.0,0.0,,,low,Use solar now: run heavy tasks,Solar is strong right now. Run high-power tasks within this window to reduce battery discharge later.,PV_SURPLUS,1.0,0.0,2.595807185923455,0.9212683959998254,42.155902777777804
2026-02-04T14:15:00+00:00,153,2.921875,0.95,0.325,0.325,0.325,0.325,0.09687499999999982,0.0,0.0,,,low,Use solar now: run heavy tasks,Solar is strong right now. Run high-power tasks within this window to reduce battery discharge later.,PV_SURPLUS,1.0,0.0,2.624923463139838,0.921955730468771,42.780902777777804
2026-02-04T14:30:00+00:00,154,2.8097222222222222,0.95,0.325,0.325,0.325,0.325,0.0,0.0,0.0,,,low,Use solar now: run heavy tasks,Solar is strong right now. Run high-power tasks within this window to reduce battery discharge later.,PV_SURPLUS,1.0,0.0,2.653539508429809,0.9230713517275736,43.40208333333336
2026-02-04T14:45:00+00:00,155,2.6857638888888893,0.95,0.325,0.325,0.325,0.325,0.0,0.0,0.0,,,low,Use solar now: run heavy tasks,Solar is strong right now. Run high-power tasks within this window to reduce battery discharge later.,PV_SURPLUS,1.0,0.0,2.680080462558618,0.9241083409722247,43.99227430555558
2026-02-04T15:00:00+00:00,156,2.55,0.95,0.325,0.325,0.325,0.325,0.0,0.0,0.0,,,low,Use solar now: run heavy tasks,Solar is strong right now. Run high-power tasks within this window to reduce battery discharge later.,PV_SURPLUS,1.0,0.0,2.7044046038069838,0.9250673650376315,44.54852430555558
2026-02-04T15:15:00+00:00,157,2.402430555555555,0.95,0.325,0.325,0.325,0.325,0.0,0.0,0.0,,,low,Use solar now: run heavy tasks,Solar is strong right now. Run high-power tasks within this window to reduce battery discharge later.,PV_SURPLUS,1.0,0.0,2.7263728670992444,0.9259489764165141,45.06788194444447
2026-02-04T15:30:00+00:00,158,2.2430555555555562,0.95,0.325,0.325,0.325,0.325,0.0,0.0,0.0,,,low,Use solar now: run heavy tasks,Solar is strong right now. Run high-power tasks within this window to reduce battery discharge later.,PV_SURPLUS,1.0,0.0,2.745848782043604,0.9267535796522023,45.54739583333336
2026-02-04T15:45:00+00:00,159,2.071875,0.95,0.325,0.325,0.325,0.325,0.0,0.0,0.0,,,low,Use solar now: run heavy tasks,Solar is strong right now. Run high-power tasks within this window to reduce battery discharge later.,PV_SURPLUS,1.0,0.0,2.7626984126984016,0.9274813990821105,45.98411458333336
2026-02-04T16:00:00+00:00,160,1.8888888888888886,0.95,0.325,0.325,0.325,0.325,0.0,0.0,0.0,,,low,Use solar now: run heavy tasks,Solar is strong right now. Run high-power tasks within this window to reduce battery discharge later.,PV_SURPLUS,1.0,0.0,2.7767902990085602,0.9281324470086543,46.37508680555558
2026-02-04T16:15:00+00:00,161,1.6940972222222226,0.95,0.325,0.325,0.325,0.325,0.0,0.0,0.0,,,low,Use solar now: run heavy tasks,Solar is strong right now. Run high-power tasks within this window to reduce battery discharge later.,LOW_PV_FORECAST;PV_SURPLUS,1.0,0.0,2.787995399858446,0.9287064913633484,46.71736111111114
2026-02-04T16:30:00+00:00,162,1.4875,0.95,0.325,0.325,0.325,0.325,0.0,0.0,0.0,,,low,Use solar now: run heavy tasks,Solar is strong right now. Run high-power tasks within this window to reduce battery discharge later.,LOW_PV_FORECAST;PV_SURPLUS,1.0,0.0,2.796187037689316,0.9292030218936095,47.00798611111114
2026-02-04T16:45:00+00:00,163,1.2690972222222219,0.95,0.325,0.325,0.325,0.325,0.0,0.0,0.0,,,low,Use solar now: run heavy tasks,Solar is strong right now. Run high-power tasks within this window to reduce battery discharge later.,LOW_PV_FORECAST;PV_SURPLUS,1.0,0.0,2.8012408446314363,0.9296212138352786,47.24401041666669
2026-02-04T17:00:00+00:00,164,1.0388888888888894,0.95,0.325,0.325,0.325,0.325,0.0,0.0,0.0,,,low,Use solar now: run heavy tasks,Solar is strong right now. Run high-power tasks within this window to reduce battery discharge later.,LOW_PV_FORECAST;PV_SURPLUS,1.0,0.0,2.8030347101027617,0.9299598879306741,47.422482638888916
2026-02-04T17:15:00+00:00,165,0.796875,0.95,0.325,0.325,0.325,0.325,0.0,0.0,0.0,,,low,Normal operation,Energy conditions are acceptable. You can use flexible appliances within recommended windows.,LOW_PV_FORECAST,1.0,0.0,2.801448729827801,0.9302174655037313,47.54045138888892
2026-02-04T17:30:00+00:00,166,0.5430555555555551,0.95,0.325,0.325,0.325,0.325,0.0,0.0,0.0,,,low,Normal operation,Energy conditions are acceptable. You can use flexible appliances within recommended windows.,LOW_PV_FORECAST,1.0,0.0,2.796365156231973,0.9303919170994395,47.59496527777781
2026-02-04T17:45:00+00:00,167,0.27743055555555607,0.9483308966861598,0.325,0.325,0.325,0.325,0.0,0.0,0.0,,,low,Normal operation,Energy conditions are acceptable. You can use flexible appliances within recommended windows.,LOW_PV_FORECAST,1.0,0.0,2.787668350168339,0.9304807029194657,47.60685763888892
2026-02-04T18:00:00+00:00,168,0.0,0.9369273879142299,0.325,0.325,0.325,0.325,0.0,0.0,0.0,,,low,Normal operation,Energy conditions are acceptable. You can use flexible appliances within recommended windows.,LOW_PV_FORECAST,1.0,0.0,2.775244733935158,0.9304807029194657,47.688107638888916
2026-02-04T18:15:00+00:00,169,0.0,0.9255238791423,0.325,0.325,0.325,0.325,0.0,0.0,0.0,,,low,Normal operation,Energy conditions are acceptable. You can use flexible appliances within recommended windows.,LOW_PV_FORECAST,1.0,0.0,2.7629313613955135,0.9304807029194657,47.76935763888891
2026-02-04T18:30:00+00:00,170,0.0,0.9141203703703702,0.325,0.325,0.325,0.325,0.0,0.0,0.0,,,low,Normal operation,Energy conditions are acceptable. You can use flexible appliances within recommended windows.,LOW_PV_FORECAST,1.0,0.0,2.7507267716238037,0.9304807029194657,47.85060763888891
2026-02-04T18:45:00+00:00,171,0.0,0.9027168615984403,0.325,0.325,0.325,0.325,0.0,0.0,0.0,,,low,Normal operation,Energy conditions are acceptable. You can use flexible appliances within recommended windows.,LOW_PV_FORECAST,1.0,0.0,2.7386295293940646,0.9304807029194657,47.93185763888891
2026-02-04T19:00:00+00:00,172,0.0,0.8913133528265105,0.325,0.325,0.325,0.325,0.0,0.0,0.0,,,low,Normal operation,Energy conditions are acceptable. You can use flexible appliances within recommended windows.,LOW_PV_FORECAST,1.0,0.0,2.7266382246173304,0.9304807029194657,48.013107638888904
2026-02-04T19:15:00+00:00,173,0.0,0.8799098440545806,0.325,0.325,0.325,0.325,0.0,0.0,0.0,,,low,Normal operation,Energy conditions are acceptable. You can use flexible appliances within recommended windows.,LOW_PV_FORECAST,1.0,0.0,2.7147514717937136,0.9304807029194657,48.0943576388889
2026-02-04T19:30:00+00:00,174,0.0,0.8685063352826508,0.325,0.325,0.325,0.325,0.0,0.0,0.0,,,low,Normal operation,Energy conditions are acceptable. You can use flexible appliances within recommended windows.,LOW_PV_FORECAST,1.0,0.0,2.7029679094787493,0.9304807029194657,48.1756076388889
2026-02-04T19:45:00+00:00,175,0.0,0.8571028265107209,0.325,0.325,0.325,0.325,0.0,0.0,0.0,,,low,Normal operation,Energy conditions are acceptable. You can use flexible appliances within recommended windows.,LOW_PV_FORECAST,1.0,0.0,2.6912861997635815,0.9304807029194657,48.256857638888896
2026-02-04T20:00:00+00:00,176,0.0,0.845699317738791,0.325,0.325,0.325,0.325,0.0,0.0,0.0,,,low,Normal operation,Energy conditions are acceptable. You can use flexible appliances within recommended windows.,LOW_PV_FORECAST,1.0,0.0,2.6797050277685712,0.9304807029194657,48.33810763888889
2026-02-04T20:15:00+00:00,177,0.0,0.8342958089668612,0.325,0.325,0.325,0.325,0.0,0.0,0.0,,,low,Normal operation,Energy conditions are acceptable. You can use flexible appliances within recommended windows.,LOW_PV_FORECAST,1.0,0.0,2.668223101149919,0.9304807029194657,48.41935763888889
2026-02-04T20:30:00+00:00,178,0.0,0.8228923001949313,0.325,0.325,0.325,0.325,0.0,0.0,0.0,,,low,Normal operation,Energy conditions are acceptable. You can use flexible appliances within recommended windows.,LOW_PV_FORECAST,1.0,0.0,2.6568391496189214,0.9304807029194657,48.50060763888889
2026-02-04T20:45:00+00:00,179,0.0,0.8114887914230015,0.325,0.325,0.325,0.325,0.0,0.0,0.0,,,low,Normal operation,Energy conditions are acceptable. You can use flexible appliances within recommended windows.,LOW_PV_FORECAST,1.0,0.0,2.6455519244734815,0.9304807029194657,48.581857638888884
2026-02-04T21:00:00+00:00,180,0.0,0.8000852826510716,0.325,0.325,0.325,0.325,0.0,0.0,0.0,,,low,Normal operation,Energy conditions are acceptable. You can use flexible appliances within recommended windows.,LOW_PV_FORECAST,1.0,0.0,2.6343601981415077,0.9304807029194657,48.66310763888888
2026-02-04T21:15:00+00:00,181,0.0,0.7886817738791417,0.325,0.325,0.325,0.325,0.0,0.0,0.0,,,low,Normal operation,Energy conditions are acceptable. You can use flexible appliances within recommended windows.,LOW_PV_FORECAST,1.0,0.0,2.6232627637358563,0.9304807029194657,48.74435763888888
2026-02-04T21:30:00+00:00,182,0.0,0.7772782651072119,0.325,0.325,0.325,0.325,0.0,0.0,0.0,,,low,Normal operation,Energy conditions are acceptable. You can use flexible appliances within recommended windows.,LOW_PV_FORECAST,1.0,0.0,2.6122584346204754,0.9304807029194657,48.825607638888876
2026-02-04T21:45:00+00:00,183,0.0,0.765874756335282,0.325,0.325,0.325,0.325,0.0,0.0,0.0,,,low,Normal operation,Energy conditions are acceptable. You can use flexible appliances within recommended windows.,LOW_PV_FORECAST,1.0,0.0,2.6013460439874203,0.9304807029194657,48.90685763888887
2026-02-04T22:00:00+00:00,184,0.0,0.7544712475633522,0.325,0.325,0.325,0.325,0.0,0.0,0.0,,,low,Normal operation,Energy conditions are acceptable. You can use flexible appliances within recommended windows.,LOW_PV_FORECAST,1.0,0.0,2.5905244444444326,0.9304807029194657,48.98810763888887
2026-02-04T22:15:00+00:00,185,0.0,0.7430677387914223,0.325,0.325,0.325,0.325,0.0,0.0,0.0,,,low,Normal operation,Energy conditions are acceptable. You can use flexible appliances within recommended windows.,LOW_PV_FORECAST,1.0,0.0,2.5797925076127637,0.9304807029194657,49.06935763888887
2026-02-04T22:30:00+00:00,186,0.0,0.7316642300194924,0.325,0.325,0.325,0.325,0.0,0.0,0.0,,,low,Normal operation,Energy conditions are acceptable. You can use flexible appliances within recommended windows.,LOW_PV_FORECAST,1.0,0.0,2.5691491237349577,0.9304807029194657,49.150607638888864
2026-02-04T22:45:00+00:00,187,0.0,0.7202607212475626,0.325,0.325,0.325,0.325,0.0,0.0,0.0,,,low,Normal operation,Energy conditions are acceptable. You can use flexible appliances within recommended windows.,LOW_PV_FORECAST,1.0,0.0,2.5585932012923047,0.9304807029194657,49.23185763888886
2026-02-04T23:00:00+00:00,188,0.0,0.7088572124756327,0.325,0.325,0.325,0.325,0.0,0.0,0.0,,,low,Normal operation,Energy conditions are acceptable. You can use flexible appliances within recommended windows.,LOW_PV_FORECAST,1.0,0.0,2.5481236666316813,0.9304807029194657,49.31310763888886
2026-02-04T23:15:00+00:00,189,0.0,0.6974537037037029,0.325,0.325,0.325,0.325,0.0,0.0,0.0,,,low,Normal operation,Energy conditions are acceptable. You can use flexible appliances within recommended windows.,LOW_PV_FORECAST,1.0,0.0,2.537739463601521,0.9304807029194657,49.394357638888856
2026-02-04T23:30:00+00:00,190,0.0,0.686050194931773,0.325,0.325,0.325,0.325,0.0,0.0,0.0,,,low,Normal operation,Energy conditions are acceptable. You can use flexible appliances within recommended windows.,LOW_PV_FORECAST,1.0,0.0,2.5274395531966443,0.9304807029194657,49.47560763888885
2026-02-04T23:45:00+00:00,191,0.0,0.6746466861598431,0.325,0.325,0.325,0.325,0.0,0.0,0.0,,,low,Normal operation,Energy conditions are acceptable. You can use flexible appliances within recommended windows.,LOW_PV_FORECAST,1.0,0.0,2.5172229132117074,0.9304807029194657,49.55685763888885
